{"cameraMode":{"drawMode":0,"name":"Shaded","section":"Shading Mode"},"sceneLighting":true,"audioPlay":false,"sceneViewState":{"m_AlwaysRefresh":false,"showFog":true,"showSkybox":true,"showFlares":true,"showImageEffects":true,"showParticleSystems":true,"showVisualEffectGraphs":true,"m_FxEnabled":true},"in2DMode":false,"pivot":{"x":-1.993789792060852,"y":-0.37263134121894839,"z":-0.8666889071464539},"rotation":{"x":0.24184255301952363,"y":0.06428666412830353,"z":-0.016062429174780847,"w":0.9680677056312561},"size":2.7223801612854006,"orthographic":false}